{
  "version": "2020.2",
  "applications": [],
  "platforms": [
    {
      "name": "zybo_z7-20"
    }
  ],
  "systems": [
    {
      "name": "robodog_app_system",
      "platform": "/home/austin/projects/robodog/zybo_z7-20/vitis_2020_2/zybo_z7-20/export/zybo_z7-20/zybo_z7-20.xpfm",
      "sysConfig": "zybo_z7-20",
      "buildConfig": "Debug",
      "applications": [
        {
          "name": "robodog_app",
          "platform": "/home/austin/projects/robodog/zybo_z7-20/vitis_2020_2/zybo_z7-20/export/zybo_z7-20/zybo_z7-20.xpfm",
          "platformPath": "/home/austin/projects/robodog/zybo_z7-20/vitis_2020_2/vitis/zybo_z7-20/export/zybo_z7-20",
          "sysConfig": "zybo_z7-20",
          "domain": "linux_ps7_cortexa9",
          "system": "robodog_app_system"
        }
      ],
      "platformPath": "/home/austin/projects/robodog/zybo_z7-20/vitis_2020_2/vitis/zybo_z7-20/export/zybo_z7-20"
    }
  ],
  "others": []
}